[
    {
        "id": 3,
        "person_id": 12,
        "year": "2023",
        "month": 7,
        "day": 1,
        "description": "Beendete sein Abitur mit 2,9 am Josef-Effner-Gymnasium in Dachau",
        "created_at": "2024-12-14 18:23:46"
    },
    {
        "id": 2,
        "person_id": 12,
        "year": "2023",
        "month": 9,
        "day": 1,
        "description": "Began ein duales Studium als Wirtschaftsinformatiker bei der Landeshauptstadt M\u00fcnchen",
        "created_at": "2024-12-14 18:22:27"
    }
]