[
    {
        "id": 8,
        "person_id": 23,
        "image_id": 37,
        "x": "276",
        "y": "121",
        "width": "239",
        "height": "277"
    },
    {
        "id": 10,
        "person_id": 24,
        "image_id": 39,
        "x": "341",
        "y": "88",
        "width": "156",
        "height": "172"
    },
    {
        "id": 11,
        "person_id": 21,
        "image_id": 40,
        "x": "312",
        "y": "371",
        "width": "139",
        "height": "176"
    },
    {
        "id": 12,
        "person_id": 21,
        "image_id": 42,
        "x": "193",
        "y": "346",
        "width": "126",
        "height": "157"
    },
    {
        "id": 13,
        "person_id": 20,
        "image_id": 42,
        "x": "360",
        "y": "390",
        "width": "101",
        "height": "151"
    },
    {
        "id": 14,
        "person_id": 20,
        "image_id": 43,
        "x": "191",
        "y": "100",
        "width": "80",
        "height": "91"
    },
    {
        "id": 15,
        "person_id": 21,
        "image_id": 43,
        "x": "356",
        "y": "84",
        "width": "59",
        "height": "91"
    },
    {
        "id": 16,
        "person_id": 21,
        "image_id": 44,
        "x": "596",
        "y": "94",
        "width": "77",
        "height": "99"
    },
    {
        "id": 17,
        "person_id": 20,
        "image_id": 44,
        "x": "711",
        "y": "116",
        "width": "91",
        "height": "93"
    },
    {
        "id": 18,
        "person_id": 21,
        "image_id": 45,
        "x": "201",
        "y": "346",
        "width": "66",
        "height": "70"
    },
    {
        "id": 19,
        "person_id": 20,
        "image_id": 45,
        "x": "280",
        "y": "368",
        "width": "61",
        "height": "67"
    },
    {
        "id": 20,
        "person_id": 20,
        "image_id": 46,
        "x": "430",
        "y": "354",
        "width": "50",
        "height": "52"
    },
    {
        "id": 21,
        "person_id": 21,
        "image_id": 46,
        "x": "496",
        "y": "337",
        "width": "38",
        "height": "55"
    },
    {
        "id": 22,
        "person_id": 20,
        "image_id": 47,
        "x": "432",
        "y": "172",
        "width": "82",
        "height": "94"
    },
    {
        "id": 23,
        "person_id": 21,
        "image_id": 47,
        "x": "546",
        "y": "156",
        "width": "68",
        "height": "93"
    },
    {
        "id": 24,
        "person_id": 21,
        "image_id": 48,
        "x": "195",
        "y": "215",
        "width": "228",
        "height": "257"
    },
    {
        "id": 25,
        "person_id": 20,
        "image_id": 48,
        "x": "439",
        "y": "246",
        "width": "205",
        "height": "275"
    },
    {
        "id": 26,
        "person_id": 21,
        "image_id": 49,
        "x": "190",
        "y": "224",
        "width": "127",
        "height": "141"
    },
    {
        "id": 27,
        "person_id": 20,
        "image_id": 49,
        "x": "497",
        "y": "244",
        "width": "104",
        "height": "120"
    },
    {
        "id": 28,
        "person_id": 21,
        "image_id": 50,
        "x": "308",
        "y": "205",
        "width": "99",
        "height": "93"
    },
    {
        "id": 29,
        "person_id": 20,
        "image_id": 51,
        "x": "157",
        "y": "105",
        "width": "90",
        "height": "101"
    },
    {
        "id": 30,
        "person_id": 21,
        "image_id": 51,
        "x": "353",
        "y": "130",
        "width": "80",
        "height": "95"
    },
    {
        "id": 31,
        "person_id": 18,
        "image_id": 51,
        "x": "245",
        "y": "121",
        "width": "73",
        "height": "85"
    },
    {
        "id": 32,
        "person_id": 21,
        "image_id": 52,
        "x": "160",
        "y": "348",
        "width": "85",
        "height": "90"
    },
    {
        "id": 33,
        "person_id": 20,
        "image_id": 52,
        "x": "260",
        "y": "364",
        "width": "85",
        "height": "91"
    },
    {
        "id": 34,
        "person_id": 20,
        "image_id": 53,
        "x": "283",
        "y": "196",
        "width": "92",
        "height": "106"
    },
    {
        "id": 35,
        "person_id": 21,
        "image_id": 54,
        "x": "530",
        "y": "33",
        "width": "134",
        "height": "163"
    },
    {
        "id": 36,
        "person_id": 20,
        "image_id": 54,
        "x": "770",
        "y": "96",
        "width": "142",
        "height": "155"
    },
    {
        "id": 37,
        "person_id": 18,
        "image_id": 54,
        "x": "499",
        "y": "493",
        "width": "121",
        "height": "159"
    },
    {
        "id": 38,
        "person_id": 20,
        "image_id": 55,
        "x": "273",
        "y": "116",
        "width": "196",
        "height": "240"
    },
    {
        "id": 39,
        "person_id": 21,
        "image_id": 56,
        "x": "107",
        "y": "139",
        "width": "63",
        "height": "76"
    },
    {
        "id": 40,
        "person_id": 20,
        "image_id": 56,
        "x": "192",
        "y": "178",
        "width": "54",
        "height": "56"
    },
    {
        "id": 41,
        "person_id": 18,
        "image_id": 56,
        "x": "254",
        "y": "178",
        "width": "42",
        "height": "51"
    },
    {
        "id": 42,
        "person_id": 18,
        "image_id": 57,
        "x": "815",
        "y": "466",
        "width": "98",
        "height": "115"
    },
    {
        "id": 43,
        "person_id": 18,
        "image_id": 58,
        "x": "507",
        "y": "94",
        "width": "113",
        "height": "123"
    },
    {
        "id": 44,
        "person_id": 21,
        "image_id": 59,
        "x": "175",
        "y": "376",
        "width": "102",
        "height": "84"
    },
    {
        "id": 45,
        "person_id": 18,
        "image_id": 59,
        "x": "347",
        "y": "339",
        "width": "86",
        "height": "84"
    },
    {
        "id": 46,
        "person_id": 20,
        "image_id": 59,
        "x": "464",
        "y": "356",
        "width": "73",
        "height": "77"
    },
    {
        "id": 47,
        "person_id": 20,
        "image_id": 60,
        "x": "428",
        "y": "245",
        "width": "77",
        "height": "84"
    },
    {
        "id": 48,
        "person_id": 21,
        "image_id": 60,
        "x": "529",
        "y": "235",
        "width": "90",
        "height": "103"
    },
    {
        "id": 49,
        "person_id": 20,
        "image_id": 61,
        "x": "133",
        "y": "261",
        "width": "151",
        "height": "205"
    },
    {
        "id": 50,
        "person_id": 18,
        "image_id": 61,
        "x": "295",
        "y": "276",
        "width": "116",
        "height": "168"
    },
    {
        "id": 51,
        "person_id": 21,
        "image_id": 61,
        "x": "423",
        "y": "241",
        "width": "151",
        "height": "207"
    },
    {
        "id": 52,
        "person_id": 20,
        "image_id": 62,
        "x": "259",
        "y": "380",
        "width": "93",
        "height": "88"
    },
    {
        "id": 53,
        "person_id": 21,
        "image_id": 62,
        "x": "574",
        "y": "445",
        "width": "75",
        "height": "58"
    },
    {
        "id": 54,
        "person_id": 18,
        "image_id": 62,
        "x": "652",
        "y": "154",
        "width": "75",
        "height": "78"
    },
    {
        "id": 55,
        "person_id": 25,
        "image_id": 63,
        "x": "161",
        "y": "218",
        "width": "136",
        "height": "162"
    },
    {
        "id": 56,
        "person_id": 18,
        "image_id": 63,
        "x": "312",
        "y": "266",
        "width": "132",
        "height": "158"
    },
    {
        "id": 57,
        "person_id": 20,
        "image_id": 63,
        "x": "449",
        "y": "254",
        "width": "126",
        "height": "162"
    },
    {
        "id": 58,
        "person_id": 21,
        "image_id": 63,
        "x": "582",
        "y": "243",
        "width": "114",
        "height": "140"
    },
    {
        "id": 59,
        "person_id": 21,
        "image_id": 64,
        "x": "198",
        "y": "389",
        "width": "155",
        "height": "149"
    },
    {
        "id": 60,
        "person_id": 20,
        "image_id": 64,
        "x": "412",
        "y": "424",
        "width": "111",
        "height": "158"
    },
    {
        "id": 61,
        "person_id": 20,
        "image_id": 65,
        "x": "214",
        "y": "149",
        "width": "85",
        "height": "86"
    },
    {
        "id": 62,
        "person_id": 21,
        "image_id": 65,
        "x": "311",
        "y": "126",
        "width": "85",
        "height": "84"
    },
    {
        "id": 63,
        "person_id": 25,
        "image_id": 66,
        "x": "130",
        "y": "54",
        "width": "258",
        "height": "349"
    },
    {
        "id": 64,
        "person_id": 19,
        "image_id": 67,
        "x": "387",
        "y": "453",
        "width": "181",
        "height": "222"
    },
    {
        "id": 65,
        "person_id": 18,
        "image_id": 67,
        "x": "740",
        "y": "459",
        "width": "141",
        "height": "175"
    },
    {
        "id": 66,
        "person_id": 16,
        "image_id": 67,
        "x": "615",
        "y": "623",
        "width": "150",
        "height": "131"
    },
    {
        "id": 67,
        "person_id": 19,
        "image_id": 69,
        "x": "242",
        "y": "324",
        "width": "205",
        "height": "186"
    },
    {
        "id": 68,
        "person_id": 18,
        "image_id": 69,
        "x": "693",
        "y": "417",
        "width": "161",
        "height": "140"
    },
    {
        "id": 69,
        "person_id": 18,
        "image_id": 70,
        "x": "554",
        "y": "362",
        "width": "153",
        "height": "144"
    },
    {
        "id": 70,
        "person_id": 19,
        "image_id": 70,
        "x": "802",
        "y": "315",
        "width": "181",
        "height": "153"
    },
    {
        "id": 71,
        "person_id": 16,
        "image_id": 71,
        "x": "649",
        "y": "427",
        "width": "130",
        "height": "170"
    },
    {
        "id": 72,
        "person_id": 16,
        "image_id": 72,
        "x": "577",
        "y": "471",
        "width": "125",
        "height": "122"
    },
    {
        "id": 73,
        "person_id": 21,
        "image_id": 72,
        "x": "701",
        "y": "396",
        "width": "137",
        "height": "156"
    },
    {
        "id": 74,
        "person_id": 19,
        "image_id": 73,
        "x": "719",
        "y": "360",
        "width": "137",
        "height": "184"
    },
    {
        "id": 75,
        "person_id": 16,
        "image_id": 73,
        "x": "876",
        "y": "485",
        "width": "170",
        "height": "186"
    },
    {
        "id": 76,
        "person_id": 18,
        "image_id": 73,
        "x": "864",
        "y": "370",
        "width": "131",
        "height": "119"
    },
    {
        "id": 77,
        "person_id": 19,
        "image_id": 74,
        "x": "256",
        "y": "241",
        "width": "288",
        "height": "371"
    },
    {
        "id": 78,
        "person_id": 16,
        "image_id": 74,
        "x": "746",
        "y": "196",
        "width": "208",
        "height": "269"
    },
    {
        "id": 79,
        "person_id": 19,
        "image_id": 75,
        "x": "584",
        "y": "254",
        "width": "108",
        "height": "110"
    },
    {
        "id": 80,
        "person_id": 16,
        "image_id": 75,
        "x": "722",
        "y": "453",
        "width": "93",
        "height": "97"
    },
    {
        "id": 81,
        "person_id": 18,
        "image_id": 75,
        "x": "938",
        "y": "302",
        "width": "120",
        "height": "128"
    },
    {
        "id": 82,
        "person_id": 19,
        "image_id": 76,
        "x": "482",
        "y": "645",
        "width": "96",
        "height": "105"
    },
    {
        "id": 83,
        "person_id": 16,
        "image_id": 76,
        "x": "677",
        "y": "748",
        "width": "103",
        "height": "115"
    },
    {
        "id": 84,
        "person_id": 20,
        "image_id": 76,
        "x": "485",
        "y": "346",
        "width": "84",
        "height": "105"
    },
    {
        "id": 85,
        "person_id": 18,
        "image_id": 76,
        "x": "578",
        "y": "379",
        "width": "66",
        "height": "91"
    },
    {
        "id": 86,
        "person_id": 19,
        "image_id": 77,
        "x": "288",
        "y": "332",
        "width": "125",
        "height": "148"
    },
    {
        "id": 87,
        "person_id": 20,
        "image_id": 77,
        "x": "442",
        "y": "382",
        "width": "98",
        "height": "129"
    },
    {
        "id": 88,
        "person_id": 16,
        "image_id": 77,
        "x": "608",
        "y": "393",
        "width": "100",
        "height": "121"
    },
    {
        "id": 89,
        "person_id": 16,
        "image_id": 78,
        "x": "758",
        "y": "381",
        "width": "134",
        "height": "172"
    },
    {
        "id": 90,
        "person_id": 20,
        "image_id": 78,
        "x": "906",
        "y": "299",
        "width": "270",
        "height": "262"
    },
    {
        "id": 91,
        "person_id": 16,
        "image_id": 79,
        "x": "446",
        "y": "313",
        "width": "140",
        "height": "152"
    },
    {
        "id": 92,
        "person_id": 20,
        "image_id": 80,
        "x": "502",
        "y": "117",
        "width": "288",
        "height": "323"
    },
    {
        "id": 93,
        "person_id": 16,
        "image_id": 80,
        "x": "808",
        "y": "231",
        "width": "319",
        "height": "321"
    },
    {
        "id": 94,
        "person_id": 16,
        "image_id": 81,
        "x": "450",
        "y": "355",
        "width": "148",
        "height": "167"
    },
    {
        "id": 95,
        "person_id": 20,
        "image_id": 81,
        "x": "609",
        "y": "309",
        "width": "182",
        "height": "171"
    },
    {
        "id": 97,
        "person_id": 18,
        "image_id": 82,
        "x": "1031",
        "y": "473",
        "width": "170",
        "height": "156"
    },
    {
        "id": 98,
        "person_id": 16,
        "image_id": 83,
        "x": "142",
        "y": "202",
        "width": "175",
        "height": "175"
    },
    {
        "id": 99,
        "person_id": 16,
        "image_id": 84,
        "x": "4",
        "y": "440",
        "width": "87",
        "height": "95"
    },
    {
        "id": 100,
        "person_id": 21,
        "image_id": 84,
        "x": "171",
        "y": "347",
        "width": "91",
        "height": "89"
    },
    {
        "id": 101,
        "person_id": 18,
        "image_id": 84,
        "x": "371",
        "y": "362",
        "width": "91",
        "height": "97"
    },
    {
        "id": 102,
        "person_id": 19,
        "image_id": 84,
        "x": "896",
        "y": "341",
        "width": "121",
        "height": "102"
    },
    {
        "id": 103,
        "person_id": 20,
        "image_id": 84,
        "x": "652",
        "y": "358",
        "width": "117",
        "height": "136"
    },
    {
        "id": 104,
        "person_id": 16,
        "image_id": 85,
        "x": "382",
        "y": "234",
        "width": "147",
        "height": "163"
    },
    {
        "id": 105,
        "person_id": 16,
        "image_id": 86,
        "x": "619",
        "y": "201",
        "width": "134",
        "height": "122"
    },
    {
        "id": 106,
        "person_id": 19,
        "image_id": 86,
        "x": "194",
        "y": "63",
        "width": "-182",
        "height": "-57"
    },
    {
        "id": 107,
        "person_id": 16,
        "image_id": 87,
        "x": "669",
        "y": "291",
        "width": "77",
        "height": "104"
    },
    {
        "id": 108,
        "person_id": 16,
        "image_id": 88,
        "x": "350",
        "y": "254",
        "width": "100",
        "height": "124"
    },
    {
        "id": 109,
        "person_id": 19,
        "image_id": 88,
        "x": "500",
        "y": "28",
        "width": "104",
        "height": "122"
    },
    {
        "id": 110,
        "person_id": 19,
        "image_id": 89,
        "x": "427",
        "y": "199",
        "width": "184",
        "height": "195"
    },
    {
        "id": 111,
        "person_id": 16,
        "image_id": 89,
        "x": "714",
        "y": "271",
        "width": "186",
        "height": "186"
    },
    {
        "id": 112,
        "person_id": 16,
        "image_id": 90,
        "x": "655",
        "y": "340",
        "width": "146",
        "height": "169"
    },
    {
        "id": 113,
        "person_id": 21,
        "image_id": 90,
        "x": "1127",
        "y": "79",
        "width": "178",
        "height": "196"
    },
    {
        "id": 114,
        "person_id": 19,
        "image_id": 91,
        "x": "549",
        "y": "146",
        "width": "150",
        "height": "134"
    },
    {
        "id": 115,
        "person_id": 16,
        "image_id": 91,
        "x": "788",
        "y": "384",
        "width": "88",
        "height": "100"
    },
    {
        "id": 116,
        "person_id": 16,
        "image_id": 92,
        "x": "702",
        "y": "294",
        "width": "148",
        "height": "179"
    },
    {
        "id": 117,
        "person_id": 16,
        "image_id": 93,
        "x": "332",
        "y": "373",
        "width": "123",
        "height": "123"
    },
    {
        "id": 118,
        "person_id": 21,
        "image_id": 93,
        "x": "666",
        "y": "309",
        "width": "146",
        "height": "148"
    },
    {
        "id": 119,
        "person_id": 16,
        "image_id": 94,
        "x": "590",
        "y": "180",
        "width": "130",
        "height": "172"
    },
    {
        "id": 120,
        "person_id": 21,
        "image_id": 94,
        "x": "722",
        "y": "130",
        "width": "186",
        "height": "196"
    },
    {
        "id": 121,
        "person_id": 16,
        "image_id": 95,
        "x": "426",
        "y": "196",
        "width": "182",
        "height": "241"
    },
    {
        "id": 122,
        "person_id": 21,
        "image_id": 95,
        "x": "1055",
        "y": "213",
        "width": "196",
        "height": "251"
    },
    {
        "id": 123,
        "person_id": 16,
        "image_id": 96,
        "x": "738",
        "y": "201",
        "width": "216",
        "height": "253"
    },
    {
        "id": 124,
        "person_id": 20,
        "image_id": 97,
        "x": "674",
        "y": "279",
        "width": "140",
        "height": "152"
    },
    {
        "id": 125,
        "person_id": 16,
        "image_id": 97,
        "x": "664",
        "y": "509",
        "width": "111",
        "height": "133"
    },
    {
        "id": 126,
        "person_id": 20,
        "image_id": 98,
        "x": "210",
        "y": "431",
        "width": "125",
        "height": "130"
    },
    {
        "id": 127,
        "person_id": 18,
        "image_id": 98,
        "x": "710",
        "y": "253",
        "width": "125",
        "height": "119"
    },
    {
        "id": 128,
        "person_id": 16,
        "image_id": 98,
        "x": "693",
        "y": "408",
        "width": "102",
        "height": "119"
    },
    {
        "id": 129,
        "person_id": 21,
        "image_id": 99,
        "x": "177",
        "y": "217",
        "width": "123",
        "height": "140"
    },
    {
        "id": 130,
        "person_id": 21,
        "image_id": 100,
        "x": "289",
        "y": "419",
        "width": "84",
        "height": "114"
    },
    {
        "id": 131,
        "person_id": 21,
        "image_id": 101,
        "x": "373",
        "y": "109",
        "width": "159",
        "height": "188"
    },
    {
        "id": 132,
        "person_id": 21,
        "image_id": 102,
        "x": "215",
        "y": "160",
        "width": "143",
        "height": "156"
    },
    {
        "id": 133,
        "person_id": 21,
        "image_id": 103,
        "x": "262",
        "y": "21",
        "width": "103",
        "height": "114"
    },
    {
        "id": 134,
        "person_id": 21,
        "image_id": 104,
        "x": "219",
        "y": "139",
        "width": "171",
        "height": "162"
    },
    {
        "id": 135,
        "person_id": 21,
        "image_id": 105,
        "x": "473",
        "y": "42",
        "width": "143",
        "height": "164"
    },
    {
        "id": 136,
        "person_id": 21,
        "image_id": 106,
        "x": "521",
        "y": "173",
        "width": "84",
        "height": "79"
    },
    {
        "id": 137,
        "person_id": 21,
        "image_id": 107,
        "x": "701",
        "y": "37",
        "width": "141",
        "height": "154"
    },
    {
        "id": 138,
        "person_id": 21,
        "image_id": 108,
        "x": "1086",
        "y": "172",
        "width": "138",
        "height": "141"
    },
    {
        "id": 139,
        "person_id": 21,
        "image_id": 109,
        "x": "283",
        "y": "523",
        "width": "205",
        "height": "207"
    },
    {
        "id": 144,
        "person_id": 16,
        "image_id": 82,
        "x": "665",
        "y": "330",
        "width": "199",
        "height": "230"
    },
    {
        "id": 145,
        "person_id": 20,
        "image_id": 68,
        "x": "827",
        "y": "195",
        "width": "78",
        "height": "86"
    },
    {
        "id": 146,
        "person_id": 25,
        "image_id": 60,
        "x": "18",
        "y": "249",
        "width": "85",
        "height": "99"
    },
    {
        "id": 147,
        "person_id": 25,
        "image_id": 49,
        "x": "694",
        "y": "223",
        "width": "105",
        "height": "134"
    },
    {
        "id": 148,
        "person_id": 25,
        "image_id": 47,
        "x": "808",
        "y": "180",
        "width": "78",
        "height": "77"
    },
    {
        "id": 155,
        "person_id": 13,
        "image_id": 118,
        "x": "946",
        "y": "417",
        "width": "133",
        "height": "162"
    },
    {
        "id": 156,
        "person_id": 12,
        "image_id": 118,
        "x": "848",
        "y": "663",
        "width": "116",
        "height": "133"
    },
    {
        "id": 157,
        "person_id": 13,
        "image_id": 119,
        "x": "977",
        "y": "490",
        "width": "107",
        "height": "127"
    },
    {
        "id": 158,
        "person_id": 13,
        "image_id": 120,
        "x": "920",
        "y": "843",
        "width": "134",
        "height": "152"
    },
    {
        "id": 159,
        "person_id": 12,
        "image_id": 120,
        "x": "840",
        "y": "891",
        "width": "106",
        "height": "120"
    },
    {
        "id": 160,
        "person_id": 12,
        "image_id": 121,
        "x": "1110",
        "y": "582",
        "width": "130",
        "height": "130"
    },
    {
        "id": 161,
        "person_id": 13,
        "image_id": 122,
        "x": "821",
        "y": "296",
        "width": "136",
        "height": "159"
    },
    {
        "id": 162,
        "person_id": 12,
        "image_id": 122,
        "x": "1160",
        "y": "780",
        "width": "277",
        "height": "193"
    },
    {
        "id": 163,
        "person_id": 13,
        "image_id": 123,
        "x": "761",
        "y": "559",
        "width": "81",
        "height": "87"
    },
    {
        "id": 164,
        "person_id": 12,
        "image_id": 123,
        "x": "744",
        "y": "663",
        "width": "73",
        "height": "70"
    },
    {
        "id": 165,
        "person_id": 18,
        "image_id": 123,
        "x": "1188",
        "y": "607",
        "width": "95",
        "height": "101"
    },
    {
        "id": 166,
        "person_id": 18,
        "image_id": 124,
        "x": "842",
        "y": "668",
        "width": "81",
        "height": "75"
    },
    {
        "id": 167,
        "person_id": 13,
        "image_id": 124,
        "x": "706",
        "y": "665",
        "width": "89",
        "height": "104"
    },
    {
        "id": 168,
        "person_id": 12,
        "image_id": 124,
        "x": "709",
        "y": "792",
        "width": "89",
        "height": "112"
    },
    {
        "id": 169,
        "person_id": 18,
        "image_id": 125,
        "x": "925",
        "y": "249",
        "width": "217",
        "height": "249"
    },
    {
        "id": 170,
        "person_id": 13,
        "image_id": 126,
        "x": "694",
        "y": "437",
        "width": "132",
        "height": "141"
    },
    {
        "id": 171,
        "person_id": 12,
        "image_id": 126,
        "x": "872",
        "y": "589",
        "width": "109",
        "height": "112"
    },
    {
        "id": 173,
        "person_id": 21,
        "image_id": 132,
        "x": "718",
        "y": "385",
        "width": "118",
        "height": "165"
    },
    {
        "id": 174,
        "person_id": 25,
        "image_id": 132,
        "x": "1069",
        "y": "210",
        "width": "153",
        "height": "196"
    },
    {
        "id": 175,
        "person_id": 34,
        "image_id": 129,
        "x": "292",
        "y": "429",
        "width": "320",
        "height": "316"
    },
    {
        "id": 176,
        "person_id": 34,
        "image_id": 130,
        "x": "136",
        "y": "105",
        "width": "172",
        "height": "277"
    },
    {
        "id": 177,
        "person_id": 34,
        "image_id": 128,
        "x": "283",
        "y": "330",
        "width": "82",
        "height": "92"
    },
    {
        "id": 178,
        "person_id": 34,
        "image_id": 127,
        "x": "299",
        "y": "167",
        "width": "111",
        "height": "122"
    },
    {
        "id": 179,
        "person_id": 18,
        "image_id": 133,
        "x": "326",
        "y": "218",
        "width": "52",
        "height": "54"
    },
    {
        "id": 180,
        "person_id": 36,
        "image_id": 47,
        "x": "676",
        "y": "180",
        "width": "70",
        "height": "67"
    },
    {
        "id": 181,
        "person_id": 36,
        "image_id": 49,
        "x": "349",
        "y": "256",
        "width": "99",
        "height": "93"
    },
    {
        "id": 182,
        "person_id": 36,
        "image_id": 60,
        "x": "97",
        "y": "265",
        "width": "80",
        "height": "86"
    },
    {
        "id": 183,
        "person_id": 23,
        "image_id": 133,
        "x": "248",
        "y": "184",
        "width": "51",
        "height": "60"
    },
    {
        "id": 184,
        "person_id": 36,
        "image_id": 109,
        "x": "644",
        "y": "130",
        "width": "139",
        "height": "138"
    },
    {
        "id": 185,
        "person_id": 23,
        "image_id": 131,
        "x": "866",
        "y": "302",
        "width": "138",
        "height": "170"
    },
    {
        "id": 186,
        "person_id": 21,
        "image_id": 134,
        "x": "311",
        "y": "140",
        "width": "556",
        "height": "737"
    },
    {
        "id": 187,
        "person_id": 23,
        "image_id": 41,
        "x": "513",
        "y": "244",
        "width": "64",
        "height": "70"
    },
    {
        "id": 188,
        "person_id": 23,
        "image_id": 135,
        "x": "271",
        "y": "420",
        "width": "776",
        "height": "891"
    },
    {
        "id": 190,
        "person_id": 35,
        "image_id": 84,
        "x": "1124",
        "y": "380",
        "width": "100",
        "height": "98"
    },
    {
        "id": 191,
        "person_id": 35,
        "image_id": 131,
        "x": "613",
        "y": "222",
        "width": "165",
        "height": "153"
    }
]