[
    {
        "id": 118,
        "year": "2012",
        "month": 7,
        "day": 0,
        "description": null,
        "location": "Barfu\u00dfwanderweg Mittenwald",
        "latitude": "47.44982000",
        "longitude": "11.23623000",
        "url": "67632bede89b4.jpg",
        "created_at": "2024-12-18 21:09:17"
    },
    {
        "id": 119,
        "year": "2012",
        "month": 7,
        "day": 0,
        "description": null,
        "location": "Barfu\u00dfwanderweg Mittenwald",
        "latitude": "47.44982000",
        "longitude": "11.23623000",
        "url": "67632c7bbd260.jpg",
        "created_at": "2024-12-18 21:11:39"
    },
    {
        "id": 120,
        "year": "2012",
        "month": 7,
        "day": 0,
        "description": null,
        "location": "Barfu\u00dfwanderweg Mittenwald",
        "latitude": "47.44982000",
        "longitude": "11.23623000",
        "url": "67632cd3cf4f9.jpg",
        "created_at": "2024-12-18 21:13:07"
    },
    {
        "id": 121,
        "year": "2012",
        "month": 7,
        "day": 0,
        "description": null,
        "location": "Barfu\u00dfwanderweg Mittenwald",
        "latitude": "47.44982000",
        "longitude": "11.23623000",
        "url": "67632df220f31.jpg",
        "created_at": "2024-12-18 21:17:54"
    },
    {
        "id": 122,
        "year": "2012",
        "month": 7,
        "day": 0,
        "description": null,
        "location": "Barfu\u00dfwanderweg Mittenwald",
        "latitude": "47.44982000",
        "longitude": "11.23623000",
        "url": "67632e2f81b6f.jpg",
        "created_at": "2024-12-18 21:18:55"
    },
    {
        "id": 123,
        "year": "2012",
        "month": 7,
        "day": 0,
        "description": null,
        "location": "Barfu\u00dfwanderweg Mittenwald",
        "latitude": "47.44982000",
        "longitude": "11.23623000",
        "url": "67632e6f5b93d.jpg",
        "created_at": "2024-12-18 21:19:59"
    },
    {
        "id": 124,
        "year": "2012",
        "month": 7,
        "day": 0,
        "description": null,
        "location": "Barfu\u00dfwanderweg Mittenwald",
        "latitude": "47.44982000",
        "longitude": "11.23623000",
        "url": "67632ec2e005d.jpg",
        "created_at": "2024-12-18 21:21:22"
    },
    {
        "id": 125,
        "year": "2012",
        "month": 7,
        "day": 0,
        "description": null,
        "location": "Barfu\u00dfwanderweg Mittenwald",
        "latitude": "47.44982000",
        "longitude": "11.23623000",
        "url": "67632f3be208e.jpg",
        "created_at": "2024-12-18 21:23:23"
    },
    {
        "id": 126,
        "year": "2012",
        "month": 7,
        "day": 0,
        "description": null,
        "location": "Barfu\u00dfwanderweg Mittenwald",
        "latitude": "47.44982000",
        "longitude": "11.23623000",
        "url": "67632f8108acc.jpg",
        "created_at": "2024-12-18 21:24:33"
    },
    {
        "id": 92,
        "year": "1989",
        "month": 12,
        "day": null,
        "description": null,
        "location": "Am Fohlengarten 10A, Oberschlei\u00dfheim",
        "latitude": "48.25641000",
        "longitude": "11.55604000",
        "url": "6760b78e63496.jpg",
        "created_at": "2024-12-18 21:25:49"
    },
    {
        "id": 82,
        "year": "1989",
        "month": 0,
        "day": 0,
        "description": null,
        "location": null,
        "latitude": null,
        "longitude": null,
        "url": "6760aa8d18054.jpg",
        "created_at": "2024-12-18 15:03:20"
    },
    {
        "id": 78,
        "year": "1988",
        "month": 12,
        "day": 24,
        "description": "Weihnachten Zuhause",
        "location": "Am Fohlengarten 10A, Oberschlei\u00dfheim",
        "latitude": "48.25640000",
        "longitude": "11.55600000",
        "url": "6760a8c816a2d.jpg",
        "created_at": "2024-12-18 21:26:49"
    },
    {
        "id": 80,
        "year": "1988",
        "month": 1,
        "day": 30,
        "description": null,
        "location": null,
        "latitude": null,
        "longitude": null,
        "url": "6760a9a9e5cf2.jpg",
        "created_at": "2024-12-16 23:28:57"
    },
    {
        "id": 77,
        "year": "1987",
        "month": 8,
        "day": null,
        "description": "Zwetschgen ernten mit Eva Stark, Bernhard Riemer und Michael Riemer",
        "location": null,
        "latitude": null,
        "longitude": null,
        "url": "6760a82227482.jpg",
        "created_at": "2024-12-16 23:22:26"
    },
    {
        "id": 79,
        "year": "1987",
        "month": 4,
        "day": 14,
        "description": "Geburtstag von Michael Riemer",
        "location": "Am Fohlengarten 10A, Oberschlei\u00dfheim",
        "latitude": "48.25640000",
        "longitude": "11.55600000",
        "url": "6760a924c23ae.jpg",
        "created_at": "2024-12-18 21:27:13"
    },
    {
        "id": 81,
        "year": "1987",
        "month": 4,
        "day": 14,
        "description": "Geburtstag von Michael Riemer",
        "location": "Am Fohlengarten 10A, Oberschlei\u00dfheim",
        "latitude": "48.25640000",
        "longitude": "11.55600000",
        "url": "6760aa2727e7c.jpg",
        "created_at": "2024-12-18 21:27:38"
    },
    {
        "id": 76,
        "year": "1986",
        "month": 6,
        "day": null,
        "description": null,
        "location": null,
        "latitude": null,
        "longitude": null,
        "url": "6760a6c672c19.jpg",
        "created_at": "2024-12-16 23:16:38"
    },
    {
        "id": 90,
        "year": "1984",
        "month": 9,
        "day": 0,
        "description": null,
        "location": "Wildpark Poing",
        "latitude": "48.17445000",
        "longitude": "11.83304000",
        "url": "6760b1d44315e.jpg",
        "created_at": "2024-12-18 17:26:43"
    },
    {
        "id": 94,
        "year": "1984",
        "month": 9,
        "day": 0,
        "description": null,
        "location": "Wildpark Poing",
        "latitude": "48.17445000",
        "longitude": "11.83304000",
        "url": "6760b82924173.jpg",
        "created_at": "2024-12-18 17:27:08"
    },
    {
        "id": 83,
        "year": "1984",
        "month": 5,
        "day": null,
        "description": "Kommunion Michael Riemer",
        "location": null,
        "latitude": null,
        "longitude": null,
        "url": "6760ad4b44610.jpg",
        "created_at": "2024-12-16 23:44:27"
    },
    {
        "id": 84,
        "year": "1984",
        "month": 5,
        "day": null,
        "description": "Auf dem Weg zur Kommunion",
        "location": null,
        "latitude": null,
        "longitude": null,
        "url": "6760ada5e7b40.jpg",
        "created_at": "2024-12-16 23:45:57"
    },
    {
        "id": 85,
        "year": "1984",
        "month": 5,
        "day": null,
        "description": "Kommunion von Michael Riemer",
        "location": null,
        "latitude": null,
        "longitude": null,
        "url": "6760ae8832032.jpg",
        "created_at": "2024-12-16 23:49:44"
    },
    {
        "id": 87,
        "year": "1984",
        "month": 5,
        "day": null,
        "description": "Kommunion von Michael Riemer",
        "location": null,
        "latitude": null,
        "longitude": null,
        "url": "6760b050f3a16.jpg",
        "created_at": "2024-12-16 23:57:21"
    },
    {
        "id": 89,
        "year": "1983",
        "month": 11,
        "day": null,
        "description": null,
        "location": null,
        "latitude": null,
        "longitude": null,
        "url": "6760b16433177.jpg",
        "created_at": "2024-12-17 00:01:56"
    },
    {
        "id": 95,
        "year": "1983",
        "month": 9,
        "day": null,
        "description": null,
        "location": null,
        "latitude": null,
        "longitude": null,
        "url": "6760b985d1e42.jpg",
        "created_at": "2024-12-17 00:36:37"
    },
    {
        "id": 96,
        "year": "1983",
        "month": 8,
        "day": null,
        "description": null,
        "location": null,
        "latitude": null,
        "longitude": null,
        "url": "6760b9ceab573.jpg",
        "created_at": "2024-12-17 00:37:50"
    },
    {
        "id": 93,
        "year": "1983",
        "month": 1,
        "day": 1,
        "description": null,
        "location": "Am Fohlengarten 10A, Oberschlei\u00dfheim",
        "latitude": "48.25640000",
        "longitude": "11.55600000",
        "url": "6760b7df74206.jpg",
        "created_at": "2024-12-18 21:28:02"
    },
    {
        "id": 75,
        "year": "1982",
        "month": 12,
        "day": 0,
        "description": null,
        "location": "Wildpark Poing",
        "latitude": "48.17445000",
        "longitude": "11.83304000",
        "url": "6760a65435fd7.jpg",
        "created_at": "2024-12-18 17:27:32"
    },
    {
        "id": 86,
        "year": "1982",
        "month": 12,
        "day": 0,
        "description": null,
        "location": "Prof.-Otto-Hupp-Str. 26b, Oberschlei\u00dfheim",
        "latitude": "48.25863000",
        "longitude": "11.54705000",
        "url": "6760afe9399bb.jpg",
        "created_at": "2024-12-18 17:46:18"
    },
    {
        "id": 91,
        "year": "1982",
        "month": 12,
        "day": 0,
        "description": null,
        "location": "Prof.-Otto-Hupp-Str. 26b, Oberschlei\u00dfheim",
        "latitude": "48.25863000",
        "longitude": "11.54705000",
        "url": "6760b23471aff.jpg",
        "created_at": "2024-12-18 17:45:50"
    },
    {
        "id": 74,
        "year": "1982",
        "month": 1,
        "day": 1,
        "description": null,
        "location": null,
        "latitude": null,
        "longitude": null,
        "url": "6760a18657cbb.jpg",
        "created_at": "2024-12-16 22:54:14"
    },
    {
        "id": 88,
        "year": "1982",
        "month": 1,
        "day": null,
        "description": null,
        "location": null,
        "latitude": null,
        "longitude": null,
        "url": "6760b096afd82.jpg",
        "created_at": "2024-12-16 23:58:30"
    },
    {
        "id": 67,
        "year": "1981",
        "month": 5,
        "day": null,
        "description": "Familienessen",
        "location": null,
        "latitude": null,
        "longitude": null,
        "url": "67609b74a999c.jpg",
        "created_at": "2024-12-16 22:28:20"
    },
    {
        "id": 69,
        "year": "1981",
        "month": 5,
        "day": null,
        "description": null,
        "location": null,
        "latitude": null,
        "longitude": null,
        "url": "67609d84d1982.jpg",
        "created_at": "2024-12-16 22:37:08"
    },
    {
        "id": 70,
        "year": "1981",
        "month": 5,
        "day": null,
        "description": null,
        "location": null,
        "latitude": null,
        "longitude": null,
        "url": "67609def7accb.jpg",
        "created_at": "2024-12-16 22:38:55"
    },
    {
        "id": 73,
        "year": "1981",
        "month": 5,
        "day": null,
        "description": null,
        "location": null,
        "latitude": null,
        "longitude": null,
        "url": "6760a0a290931.jpg",
        "created_at": "2024-12-16 22:50:26"
    },
    {
        "id": 72,
        "year": "1981",
        "month": 3,
        "day": null,
        "description": null,
        "location": null,
        "latitude": null,
        "longitude": null,
        "url": "6760a04bddeaa.jpg",
        "created_at": "2024-12-16 22:48:59"
    },
    {
        "id": 71,
        "year": "1981",
        "month": null,
        "day": null,
        "description": null,
        "location": null,
        "latitude": null,
        "longitude": null,
        "url": "67609fc29111e.jpg",
        "created_at": "2024-12-16 22:46:42"
    },
    {
        "id": 97,
        "year": "1979",
        "month": 6,
        "day": null,
        "description": null,
        "location": "Isar (M\u00fcnchen)",
        "latitude": null,
        "longitude": null,
        "url": "6760ba3068cd2.jpg",
        "created_at": "2024-12-17 00:39:28"
    },
    {
        "id": 98,
        "year": "1979",
        "month": 6,
        "day": null,
        "description": null,
        "location": "Freizeitpark",
        "latitude": null,
        "longitude": null,
        "url": "6760baa3aa076.jpg",
        "created_at": "2024-12-17 00:41:23"
    },
    {
        "id": 68,
        "year": "1974",
        "month": 11,
        "day": 14,
        "description": "Besuch des Olympia Stadions in M\u00fcnchen",
        "location": "Olympia Stadion ",
        "latitude": null,
        "longitude": null,
        "url": "67609cc3cca71.jpg",
        "created_at": "2024-12-18 15:16:17"
    },
    {
        "id": 59,
        "year": "1970",
        "month": 1,
        "day": 25,
        "description": "Familienausflug zum Olympia Turm in M\u00fcnchen",
        "location": "Olympia Turm M\u00fcnchen",
        "latitude": "48.17445000",
        "longitude": "11.55378000",
        "url": "676094e39ec8d.jpg",
        "created_at": "2024-12-18 17:28:13"
    },
    {
        "id": 62,
        "year": "1969",
        "month": 8,
        "day": null,
        "description": "Sommer im Garten",
        "location": null,
        "latitude": null,
        "longitude": null,
        "url": "676096f9eb634.jpg",
        "created_at": "2024-12-16 22:09:13"
    },
    {
        "id": 63,
        "year": "1968",
        "month": 12,
        "day": 24,
        "description": "Weihnachten",
        "location": null,
        "latitude": null,
        "longitude": null,
        "url": "676097a22b37d.jpg",
        "created_at": "2024-12-16 22:12:02"
    },
    {
        "id": 61,
        "year": "1961",
        "month": null,
        "day": null,
        "description": null,
        "location": null,
        "latitude": null,
        "longitude": null,
        "url": "6760959681b68.jpg",
        "created_at": "2024-12-17 01:03:54"
    },
    {
        "id": 57,
        "year": "1960",
        "month": 12,
        "day": 24,
        "description": "Weihnachten 1960",
        "location": null,
        "latitude": null,
        "longitude": null,
        "url": "6760932410ba7.jpg",
        "created_at": "2024-12-16 21:52:52"
    },
    {
        "id": 55,
        "year": "1956",
        "month": 7,
        "day": 0,
        "description": "Aufgrund der Gesichtsform von Eva Stark und der Jahreszeit wird das Bild auf 07\/1956 gesch\u00e4tzt",
        "location": null,
        "latitude": null,
        "longitude": null,
        "url": "6760920a36453.jpg",
        "created_at": "2024-12-18 15:33:19"
    },
    {
        "id": 135,
        "year": "1956",
        "month": 2,
        "day": 24,
        "description": "Am Geburtstag aufgenommen (2 Jahre vor ihrem Tod)",
        "location": null,
        "latitude": null,
        "longitude": null,
        "url": "676de3dc922d7.jpg",
        "created_at": "2024-12-27 00:16:44"
    },
    {
        "id": 58,
        "year": "1955",
        "month": 0,
        "day": 0,
        "description": "Monika Riemer wird hier ca. 3 Jahre alt gesch\u00e4tzt. Daher wird das Bild auf 1955 gesch\u00e4tzt",
        "location": null,
        "latitude": null,
        "longitude": null,
        "url": "6760937828550.jpg",
        "created_at": "2024-12-18 15:32:00"
    },
    {
        "id": 54,
        "year": "1955",
        "month": null,
        "day": null,
        "description": null,
        "location": null,
        "latitude": null,
        "longitude": null,
        "url": "67608fe7dd9a8.jpg",
        "created_at": "2024-12-17 01:04:43"
    },
    {
        "id": 110,
        "year": "1955",
        "month": null,
        "day": null,
        "description": null,
        "location": "Wolfakirchen (Haarbach)",
        "latitude": "48.50128000",
        "longitude": "13.10490000",
        "url": "676300ca2c608.JPG",
        "created_at": "2024-12-18 18:05:14"
    },
    {
        "id": 48,
        "year": "1954",
        "month": 12,
        "day": 24,
        "description": "Aufgrund der Gesichtsform von Eva Stark wird das Bild auf ca. 1954 gesch\u00e4tzt.",
        "location": null,
        "latitude": null,
        "longitude": null,
        "url": "67608e58b813c.jpg",
        "created_at": "2024-12-18 15:31:09"
    },
    {
        "id": 65,
        "year": "1953",
        "month": 8,
        "day": 0,
        "description": "Aufgrund des Gesichts von Eva Stark und Rudlof Stark wird das Bild auf 1953 gesch\u00e4tzt",
        "location": null,
        "latitude": null,
        "longitude": null,
        "url": "67609867df4c8.jpg",
        "created_at": "2024-12-18 15:39:54"
    },
    {
        "id": 51,
        "year": "1953",
        "month": 0,
        "day": 0,
        "description": null,
        "location": null,
        "latitude": null,
        "longitude": null,
        "url": "67608f13d1552.jpg",
        "created_at": "2024-12-18 15:14:04"
    },
    {
        "id": 49,
        "year": "1953",
        "month": null,
        "day": null,
        "description": "Aufgrund der Gesichtsform von Eva Stark wird das Bild auf ca. 1953 gesch\u00e4tzt",
        "location": null,
        "latitude": null,
        "longitude": null,
        "url": "67608ea861b91.jpg",
        "created_at": "2024-12-27 00:08:53"
    },
    {
        "id": 56,
        "year": "1953",
        "month": null,
        "day": null,
        "description": null,
        "location": null,
        "latitude": null,
        "longitude": null,
        "url": "67609294f0876.jpg",
        "created_at": "2024-12-17 01:00:36"
    },
    {
        "id": 133,
        "year": "1953",
        "month": null,
        "day": null,
        "description": null,
        "location": null,
        "latitude": null,
        "longitude": null,
        "url": "676ddc44330cb.jpg",
        "created_at": "2024-12-27 00:09:47"
    },
    {
        "id": 60,
        "year": "1952",
        "month": 12,
        "day": 24,
        "description": "Augrund der Gesichtsform von Eva Stark wird das Bild auf ca. 1952 gesch\u00e4tzt (vgl. Hochzeit 1951)",
        "location": null,
        "latitude": null,
        "longitude": null,
        "url": "6760953ae91da.jpg",
        "created_at": "2024-12-18 15:29:22"
    },
    {
        "id": 52,
        "year": "1952",
        "month": 0,
        "day": 0,
        "description": "Das Bild wird aufgrund der Gesichtsform von Eva Stark auf ca. 1952 gesch\u00e4tzt. Rechts handelt es sich eventuell um den Bruder von Eva",
        "location": null,
        "latitude": null,
        "longitude": null,
        "url": "67608f7561230.jpg",
        "created_at": "2024-12-18 15:35:09"
    },
    {
        "id": 64,
        "year": "1952",
        "month": 0,
        "day": 0,
        "description": "Aufgrund der Gesichtsform von Eva Stark wird das Bild auf ca. 1952 gesch\u00e4tzt (vgl. Hochzeit 1951)",
        "location": null,
        "latitude": null,
        "longitude": null,
        "url": "6760980413653.jpg",
        "created_at": "2024-12-18 15:26:24"
    },
    {
        "id": 42,
        "year": "1951",
        "month": null,
        "day": null,
        "description": "Hochzeit Rudloph und Eva Stark",
        "location": null,
        "latitude": null,
        "longitude": null,
        "url": "6760892fa40a5.jpg",
        "created_at": "2024-12-16 21:10:23"
    },
    {
        "id": 43,
        "year": "1951",
        "month": null,
        "day": null,
        "description": "Hochzeit von Ruldoph und Eva Stark",
        "location": null,
        "latitude": null,
        "longitude": null,
        "url": "6760897961fb0.jpg",
        "created_at": "2024-12-16 21:11:37"
    },
    {
        "id": 44,
        "year": "1951",
        "month": null,
        "day": null,
        "description": "Hochzeit von Rudolph und Eva Stark",
        "location": null,
        "latitude": null,
        "longitude": null,
        "url": "676089f49d312.jpg",
        "created_at": "2024-12-16 21:13:40"
    },
    {
        "id": 45,
        "year": "1951",
        "month": null,
        "day": null,
        "description": "Hochzeit von Rudolph und Eva Stark",
        "location": null,
        "latitude": null,
        "longitude": null,
        "url": "67608a46dcfbe.jpg",
        "created_at": "2024-12-16 21:15:02"
    },
    {
        "id": 46,
        "year": "1951",
        "month": null,
        "day": null,
        "description": "Hochzeit von Rudloph und Eva Stark",
        "location": "Gast- und Tafernwirtschaft des Franz [...]",
        "latitude": null,
        "longitude": null,
        "url": "67608c0d13cd1.jpg",
        "created_at": "2024-12-16 21:24:19"
    },
    {
        "id": 47,
        "year": "1951",
        "month": null,
        "day": null,
        "description": "Hochzeit von Rudolph und Eva Stark",
        "location": null,
        "latitude": null,
        "longitude": null,
        "url": "67608cdc6e0ce.jpg",
        "created_at": "2024-12-27 00:08:27"
    },
    {
        "id": 50,
        "year": "1950",
        "month": 0,
        "day": 0,
        "description": "Augrund des Gesichts von Rudolf Stark wird das Bild auf ca. 1950 gesch\u00e4tzt",
        "location": null,
        "latitude": null,
        "longitude": null,
        "url": "67608eda58543.jpg",
        "created_at": "2024-12-18 15:38:54"
    },
    {
        "id": 53,
        "year": "1950",
        "month": 0,
        "day": 0,
        "description": "Aufgrund der Gesichtsform von Eva Stark wird das Bild auf ca. 1950 gesch\u00e4tzt",
        "location": null,
        "latitude": null,
        "longitude": null,
        "url": "67608fa2ef16a.jpg",
        "created_at": "2024-12-18 15:38:16"
    },
    {
        "id": 134,
        "year": "1948",
        "month": 1,
        "day": 0,
        "description": null,
        "location": null,
        "latitude": null,
        "longitude": null,
        "url": "676de2cd33e23.jpg",
        "created_at": "2024-12-27 00:12:13"
    },
    {
        "id": 107,
        "year": "1938",
        "month": 8,
        "day": null,
        "description": null,
        "location": null,
        "latitude": null,
        "longitude": null,
        "url": "6760c1644afac.jpg",
        "created_at": "2024-12-17 01:10:12"
    },
    {
        "id": 39,
        "year": "1938",
        "month": 0,
        "day": 0,
        "description": "Vermutlich Kommunion. Das Alter ist zwischen 8 und 12 Jahren. Geburtsjahr wird auf 1929 gesch\u00e4tzt. Daher Bild ca. 1938",
        "location": null,
        "latitude": null,
        "longitude": null,
        "url": "6760870fd298f.jpg",
        "created_at": "2024-12-18 15:24:19"
    },
    {
        "id": 127,
        "year": "1938",
        "month": null,
        "day": null,
        "description": "In Uniform der Nazionalsozialisten als Mitarbeiter der Bauabteilung",
        "location": "Rosenheim",
        "latitude": null,
        "longitude": null,
        "url": "676d40f0c9388.jpg",
        "created_at": "2024-12-26 23:34:28"
    },
    {
        "id": 128,
        "year": "1938",
        "month": null,
        "day": null,
        "description": "In Uniform der Nazionalsozialisten als Mitarbeiter der Bauabteilung",
        "location": null,
        "latitude": null,
        "longitude": null,
        "url": "676d4156e7a6a.jpg",
        "created_at": "2024-12-26 23:33:59"
    },
    {
        "id": 129,
        "year": "1938",
        "month": null,
        "day": null,
        "description": "In Uniform der Nazionalsozialisten als Mitarbeiter der Bauabteilung",
        "location": null,
        "latitude": null,
        "longitude": null,
        "url": "676d4176736e5.jpg",
        "created_at": "2024-12-26 23:33:07"
    },
    {
        "id": 130,
        "year": "1938",
        "month": null,
        "day": null,
        "description": null,
        "location": null,
        "latitude": null,
        "longitude": null,
        "url": "676d42eeea2d6.jpg",
        "created_at": "2024-12-26 23:33:40"
    },
    {
        "id": 101,
        "year": "1937",
        "month": null,
        "day": null,
        "description": null,
        "location": null,
        "latitude": null,
        "longitude": null,
        "url": "6760bd876cd7d.jpg",
        "created_at": "2024-12-17 00:53:43"
    },
    {
        "id": 102,
        "year": "1937",
        "month": null,
        "day": null,
        "description": null,
        "location": null,
        "latitude": null,
        "longitude": null,
        "url": "6760bddbb6dc1.jpg",
        "created_at": "2024-12-17 00:55:07"
    },
    {
        "id": 104,
        "year": "1937",
        "month": null,
        "day": null,
        "description": null,
        "location": null,
        "latitude": null,
        "longitude": null,
        "url": "6760be547647d.jpg",
        "created_at": "2024-12-17 00:57:08"
    },
    {
        "id": 105,
        "year": "1937",
        "month": null,
        "day": null,
        "description": null,
        "location": null,
        "latitude": null,
        "longitude": null,
        "url": "6760be85745b5.jpg",
        "created_at": "2024-12-17 00:57:57"
    },
    {
        "id": 106,
        "year": "1937",
        "month": null,
        "day": null,
        "description": null,
        "location": null,
        "latitude": null,
        "longitude": null,
        "url": "6760bed64e825.jpg",
        "created_at": "2024-12-17 00:59:18"
    },
    {
        "id": 99,
        "year": "1936",
        "month": 7,
        "day": 18,
        "description": null,
        "location": null,
        "latitude": null,
        "longitude": null,
        "url": "6760bc7e8e5b0.jpg",
        "created_at": "2024-12-17 00:50:55"
    },
    {
        "id": 100,
        "year": "1936",
        "month": 7,
        "day": 18,
        "description": null,
        "location": null,
        "latitude": null,
        "longitude": null,
        "url": "6760bcbe729f8.jpg",
        "created_at": "2024-12-17 00:50:22"
    },
    {
        "id": 103,
        "year": "1936",
        "month": null,
        "day": null,
        "description": null,
        "location": null,
        "latitude": null,
        "longitude": null,
        "url": "6760be14d307f.jpg",
        "created_at": "2024-12-17 00:56:04"
    },
    {
        "id": 132,
        "year": "1935",
        "month": 0,
        "day": 0,
        "description": null,
        "location": null,
        "latitude": null,
        "longitude": null,
        "url": "676d45130f34e.jpg",
        "created_at": "2024-12-26 12:59:15"
    },
    {
        "id": 108,
        "year": "1935",
        "month": null,
        "day": null,
        "description": null,
        "location": null,
        "latitude": null,
        "longitude": null,
        "url": "6760c1a22e04e.jpg",
        "created_at": "2024-12-17 01:11:46"
    },
    {
        "id": 109,
        "year": "1935",
        "month": null,
        "day": null,
        "description": null,
        "location": null,
        "latitude": null,
        "longitude": null,
        "url": "6760c201b1815.jpg",
        "created_at": "2024-12-17 01:12:49"
    },
    {
        "id": 66,
        "year": "1930",
        "month": 11,
        "day": 2,
        "description": null,
        "location": null,
        "latitude": null,
        "longitude": null,
        "url": "67609a125a8b7.jpg",
        "created_at": "2024-12-16 22:22:26"
    },
    {
        "id": 131,
        "year": "1927",
        "month": null,
        "day": null,
        "description": null,
        "location": null,
        "latitude": null,
        "longitude": null,
        "url": "676d4425ba370.jpg",
        "created_at": "2024-12-27 00:10:48"
    },
    {
        "id": 37,
        "year": null,
        "month": null,
        "day": null,
        "description": "Bild der Oma Lill",
        "location": null,
        "latitude": null,
        "longitude": null,
        "url": "676085520ca2e.jpg",
        "created_at": "2024-12-16 20:53:54"
    },
    {
        "id": 40,
        "year": null,
        "month": null,
        "day": null,
        "description": "Rudloph Stark auf einem Motorrad",
        "location": null,
        "latitude": null,
        "longitude": null,
        "url": "6760874ac4b57.jpg",
        "created_at": "2024-12-16 21:02:18"
    },
    {
        "id": 41,
        "year": null,
        "month": null,
        "day": null,
        "description": "\"Ur Ur Ur Oma Stark\"",
        "location": null,
        "latitude": null,
        "longitude": null,
        "url": "676087ab99569.jpg",
        "created_at": "2024-12-16 21:03:55"
    }
]