[
    {
        "id": 34,
        "first_name": "Alfred",
        "last_name": "Schmitzberger",
        "nut_name": null,
        "birth_year": 1915,
        "birth_month": 12,
        "birth_day": 16,
        "death_year": 1995,
        "death_month": 3,
        "death_day": 13,
        "created_at": "2024-12-27 14:26:23"
    },
    {
        "id": 27,
        "first_name": "Andreas",
        "last_name": "Lampersberger",
        "nut_name": null,
        "birth_year": 1944,
        "birth_month": null,
        "birth_day": null,
        "death_year": null,
        "death_month": null,
        "death_day": null,
        "created_at": "2024-12-27 14:10:19"
    },
    {
        "id": 19,
        "first_name": "Bernhard",
        "last_name": "Riemer",
        "nut_name": null,
        "birth_year": 1952,
        "birth_month": 1,
        "birth_day": 1,
        "death_year": null,
        "death_month": null,
        "death_day": null,
        "created_at": "2024-12-11 11:45:35"
    },
    {
        "id": 23,
        "first_name": "Berta",
        "last_name": "Lill",
        "nut_name": null,
        "birth_year": 1866,
        "birth_month": 2,
        "birth_day": 24,
        "death_year": 1958,
        "death_month": 2,
        "death_day": 6,
        "created_at": "2024-12-27 00:04:22"
    },
    {
        "id": 20,
        "first_name": "Eva",
        "last_name": "Stark",
        "nut_name": null,
        "birth_year": 1931,
        "birth_month": 4,
        "birth_day": 11,
        "death_year": 2024,
        "death_month": 11,
        "death_day": 23,
        "created_at": "2024-12-27 14:08:11"
    },
    {
        "id": 25,
        "first_name": "Franz",
        "last_name": "Stark",
        "nut_name": null,
        "birth_year": 1891,
        "birth_month": 7,
        "birth_day": 26,
        "death_year": 1983,
        "death_month": 4,
        "death_day": 8,
        "created_at": "2024-12-27 00:06:46"
    },
    {
        "id": 36,
        "first_name": "Frieda",
        "last_name": "Stark",
        "nut_name": null,
        "birth_year": 1898,
        "birth_month": 9,
        "birth_day": 9,
        "death_year": 1993,
        "death_month": 11,
        "death_day": 21,
        "created_at": "2024-12-27 00:06:26"
    },
    {
        "id": 12,
        "first_name": "Jonas",
        "last_name": "Riemer",
        "nut_name": null,
        "birth_year": 2005,
        "birth_month": 4,
        "birth_day": 19,
        "death_year": null,
        "death_month": null,
        "death_day": null,
        "created_at": "2024-12-11 13:12:41"
    },
    {
        "id": 17,
        "first_name": "Manuela",
        "last_name": "Riemer",
        "nut_name": null,
        "birth_year": 1972,
        "birth_month": 1,
        "birth_day": 21,
        "death_year": null,
        "death_month": null,
        "death_day": null,
        "created_at": "2024-12-11 11:38:14"
    },
    {
        "id": 35,
        "first_name": "Maria",
        "last_name": "Schmitzberger",
        "nut_name": null,
        "birth_year": 1919,
        "birth_month": 11,
        "birth_day": 6,
        "death_year": 2005,
        "death_month": 6,
        "death_day": 21,
        "created_at": "2024-12-27 14:24:30"
    },
    {
        "id": 16,
        "first_name": "Michael",
        "last_name": "Riemer",
        "nut_name": null,
        "birth_year": 1975,
        "birth_month": 4,
        "birth_day": 14,
        "death_year": null,
        "death_month": null,
        "death_day": null,
        "created_at": "2024-12-10 23:55:26"
    },
    {
        "id": 18,
        "first_name": "Monika",
        "last_name": "Riemer",
        "nut_name": "Stark",
        "birth_year": 1952,
        "birth_month": 10,
        "birth_day": 4,
        "death_year": null,
        "death_month": null,
        "death_day": null,
        "created_at": "2024-12-16 22:16:30"
    },
    {
        "id": 26,
        "first_name": "Roswitha",
        "last_name": "Lampersberger",
        "nut_name": null,
        "birth_year": null,
        "birth_month": 8,
        "birth_day": 25,
        "death_year": null,
        "death_month": null,
        "death_day": null,
        "created_at": "2024-12-27 14:11:11"
    },
    {
        "id": 21,
        "first_name": "Rudlof",
        "last_name": "Stark",
        "nut_name": null,
        "birth_year": 1930,
        "birth_month": 11,
        "birth_day": 2,
        "death_year": 1989,
        "death_month": 1,
        "death_day": 27,
        "created_at": "2024-12-27 14:24:51"
    },
    {
        "id": 24,
        "first_name": "Seppi",
        "last_name": "Thomashauser",
        "nut_name": null,
        "birth_year": null,
        "birth_month": null,
        "birth_day": null,
        "death_year": null,
        "death_month": null,
        "death_day": null,
        "created_at": "2024-12-16 20:55:34"
    },
    {
        "id": 13,
        "first_name": "Tobias",
        "last_name": "Riemer",
        "nut_name": "Lampersberger",
        "birth_year": 1999,
        "birth_month": 9,
        "birth_day": 21,
        "death_year": null,
        "death_month": null,
        "death_day": null,
        "created_at": "2024-12-10 23:47:07"
    }
]