[
    {
        "person_id": 12,
        "mother_id": 17,
        "father_id": 16,
        "created_at": "2024-12-11 10:27:44"
    },
    {
        "person_id": 13,
        "mother_id": 17,
        "father_id": 16,
        "created_at": "2024-12-11 10:28:54"
    },
    {
        "person_id": 16,
        "mother_id": 18,
        "father_id": 19,
        "created_at": "2024-12-11 10:29:07"
    },
    {
        "person_id": 18,
        "mother_id": 20,
        "father_id": 21,
        "created_at": "2024-12-11 10:30:04"
    },
    {
        "person_id": 21,
        "mother_id": 36,
        "father_id": 25,
        "created_at": "2024-12-27 00:07:47"
    },
    {
        "person_id": 17,
        "mother_id": 26,
        "father_id": 27,
        "created_at": "2024-12-16 23:47:59"
    },
    {
        "person_id": 35,
        "mother_id": 36,
        "father_id": 25,
        "created_at": "2024-12-27 00:07:41"
    },
    {
        "person_id": 36,
        "mother_id": 23,
        "father_id": null,
        "created_at": "2024-12-27 14:08:34"
    }
]